﻿<?xml version="1.0" encoding="utf-8"?>
<BuildeEntity>
  <BuildeTypies>
    <BuildeType>
      <Id>Services</Id>
      <Name>服务</Name>
      <Description>操作数据库，增删改查</Description>
      <BuildeItems>
        <BuildeItem>
          <Id>Service</Id>
          <Name>搭建框架</Name>
          <Description>搭建一个服务的框架</Description>
        </BuildeItem>
        <BuildeItem>
          <Id>Insert</Id>
          <Name>插单</Name>
          <Description>提供查单实例</Description>
        </BuildeItem>
        <BuildeItem>
          <Id>Tools</Id>
          <Name>工具类</Name>
          <ShowCheckedBox>True</ShowCheckedBox>
          <Checked>True</Checked>
          <ShowParWindow>False</ShowParWindow>
          <Description>提供常用的方法</Description>
        </BuildeItem>
      </BuildeItems>
    </BuildeType>
    <BuildeType>
      <Id>InterCeptor</Id>
      <Name>常用切片</Name>
      <Description>干涉程序运行时，加入自定义功能</Description>
      <BuildeItems>
        <BuildeItem>
          <Id>FreeBatchService</Id>
          <Name>普通批次</Name>
          <Description>一组命令，批量操作，分为向导式批次，普通批次</Description>
        </BuildeItem>
        <BuildeItem>
          <Id>GuideInterceptor</Id>
          <Name>向导式批次</Name>
          <Description>一组命令，批量操作，分为向导式批次，普通批次</Description>
        </BuildeItem>
        <BuildeItem>
          <Id>SaveInterceptor</Id>
          <PartId>commonInterceptor</PartId>
          <IsMerge>False</IsMerge>
          <Name>保存</Name>
          <Description>涉及保存操作时</Description>
        </BuildeItem>
        <BuildeItem>
          <Id>ApproveInterceptor</Id>
          <Name>审核</Name>
          <PartId>commonInterceptor</PartId>
          <IsMerge>False</IsMerge>
          <Description>涉及审核操作时</Description>
        </BuildeItem>
        <BuildeItem>
          <Id>IDisconfirmInterceptor</Id>
          <PartId>commonInterceptor</PartId>
          <PartId>False</PartId>
          <Name>撤销审核</Name>
          <Description>涉及撤销审核操作时</Description>
        </BuildeItem>
        <BuildeItem>
          <Id>DeleteInterceptor</Id>
          <PartId>commonInterceptor</PartId>
          <PartId>False</PartId>
          <Name>删除</Name>
          <Description>涉及删除操作时</Description>
        </BuildeItem>
        <BuildeItem>
          <Id>ApproveStatusInterceptor</Id>
          <PartId>commonInterceptor</PartId>
          <PartId>False</PartId>
          <Name>作废/生失效</Name>
          <Description>涉及作废/生失效操作时</Description>
        </BuildeItem>
        <BuildeItem>
          <Id>Validator</Id>
          <Name>校验</Name>
          <Description>涉及校验操作时</Description>
        </BuildeItem>
        <BuildeItem>
          <Id>DataEntityChanged</Id>
          <PartId>
          </PartId>
          <Name>数据跟踪</Name>
          <Description>涉及数据跟踪操作时，字段改变带值，界面实体刷新</Description>
        </BuildeItem>
        <BuildeItem>
          <Id>SelectWindowDialogEx</Id>
          <Name>功能开窗</Name>
          <Description>涉及数据跟踪操作时，字段改变带值，界面实体刷新</Description>
        </BuildeItem>
        <BuildeItem>
          <Id>EditControllerCommand</Id>
          <Name>菜单</Name>
          <Description>涉及菜单操作时，添加按钮，按钮隐藏，按钮逻辑更改</Description>
        </BuildeItem>
      </BuildeItems>
    </BuildeType>
    <BuildeType>
      <Id>Function</Id>
      <Name>常用功能</Name>
      <Description>提供完整的常用功能</Description>
      <BuildeItems>
        <BuildeItem>
          <Id>ImportExcel</Id>
		 <ShowParWindow>False</ShowParWindow>
          <Name>导入Excel</Name>
          <Description>故名思议</Description>
        </BuildeItem>
        <BuildeItem>
          <Id>ExportExcel</Id>
		  <ShowParWindow>False</ShowParWindow>
          <Name>导出Excel</Name>
          <Description>故名思议</Description>
        </BuildeItem>
        <BuildeItem>
          <Id>Insert</Id>
		 <ShowParWindow>False</ShowParWindow>
          <Name>插单示例</Name>
          <Description>故名思议</Description>
        </BuildeItem>
        <BuildeItem>
          <Id>LowFill</Id>
		 <ShowParWindow>False</ShowParWindow>
          <Name>向下填充</Name>
          <Description>故名思议</Description>
        </BuildeItem>
        <BuildeItem>
          <Id>PrintPreview</Id>
		<ShowParWindow>False</ShowParWindow>
          <Name>打印预览</Name>
          <Description>故名思议</Description>
        </BuildeItem>
        <BuildeItem>
          <Id>Print</Id>
		 <ShowParWindow>False</ShowParWindow>
          <Name>打印</Name>
          <Description>故名思议</Description>
        </BuildeItem>
        <BuildeItem>
          <Id>AllChoose</Id>
		 <ShowParWindow>False</ShowParWindow>
          <Name>全选</Name>
          <Description>提供表格全选,撤销功能</Description>
        </BuildeItem>
      </BuildeItems>
    </BuildeType>
    <BuildeType>
      <Id>MYTools</Id>
      <Name>常用工具</Name>
      <Description>提供常用工具</Description>
      <BuildeItems>
        <BuildeItem>
          <Id>OOQLDesign</Id>
          <ShowCheckedBox>False</ShowCheckedBox>
          <IsTools>True</IsTools>
          <Url>D:\Program Files\OOQLDesigner\OOQLDesigner.exe</Url>
          <Name>OOQL转换工具</Name>
          <Description>将OOQL转换为SQL</Description>
        </BuildeItem>
        <BuildeItem>
          <Id>GUIDSHOW</Id>
          <IsTools>True</IsTools>
          <Url>D:\Program Files\GUID_SHOW\GUID_SHOW.exe</Url>
          <ShowCheckedBox>False</ShowCheckedBox>
          <Name>GUID_SHOW</Name>
          <Description>跟踪当前客户SQL</Description>
        </BuildeItem>
        <BuildeItem>
          <Id>colligateQuery</Id>
          <IsTools>True</IsTools>
          <Url>D:\Program Files\综合查询工具\综合查询工具\综合查询工具.exe</Url>
          <ShowCheckedBox>False</ShowCheckedBox>
          <Name>综合查询工具</Name>
          <Description>查询</Description>
        </BuildeItem>
        <BuildeItem>
          <Id>E10Search</Id>
          <IsTools>True</IsTools>
          <Url>E:\E10_SearchSource\E10_SearchSource.exe</Url>
          <ShowCheckedBox>False</ShowCheckedBox>
          <Name>E10Search</Name>
          <Description>常用服务方法查询</Description>
        </BuildeItem>
      </BuildeItems>
    </BuildeType>
    
  </BuildeTypies>
</BuildeEntity>